235056,127.0.0.1,GET,http://localhost/,1494987745,,404
c2768f,127.0.0.1,GET,http://localhost/,1494987803,,404
e5c762,127.0.0.1,GET,http://localhost/,1494987840,,404
babe48,127.0.0.1,GET,http://localhost/,1494988344,,404
b1ba6e,127.0.0.1,GET,http://localhost/,1494988523,,404
f958db,127.0.0.1,GET,http://localhost/,1494988532,,404
6ba7c3,127.0.0.1,GET,http://localhost/,1494988546,,404
372eba,127.0.0.1,GET,http://localhost/,1494988577,,404
4f2e8d,127.0.0.1,GET,http://localhost/,1494988599,,404
4891fb,127.0.0.1,GET,http://localhost/,1494988604,,404
785470,127.0.0.1,GET,http://localhost/,1494988785,,404
1228f1,127.0.0.1,GET,http://localhost/,1494988801,,404
0a4a3d,127.0.0.1,GET,http://localhost/,1494988809,,404
8593f6,127.0.0.1,GET,http://localhost/,1494989140,,404
d94b18,127.0.0.1,GET,http://localhost/,1494989169,,404
93779f,127.0.0.1,GET,http://localhost/,1494989208,,404
227942,127.0.0.1,GET,http://localhost/,1494989296,,404
756072,127.0.0.1,GET,http://localhost/,1494989323,,404
e5fff6,127.0.0.1,GET,http://localhost/,1494989359,,404
97e8d1,127.0.0.1,GET,http://localhost/,1494989814,,404
d869a6,127.0.0.1,GET,http://localhost/,1494989991,,404
9363c3,127.0.0.1,GET,http://localhost/,1494990006,,404
2b7987,127.0.0.1,GET,http://localhost/,1494991114,,404
47b080,127.0.0.1,GET,http://localhost/,1494991149,,404
77508a,127.0.0.1,GET,http://localhost/,1494991256,,404
2f17b1,127.0.0.1,GET,http://localhost/,1494991373,,404
b76183,127.0.0.1,GET,http://localhost/,1494991416,,404
c4f828,127.0.0.1,GET,http://localhost/,1494991460,,404
709d55,127.0.0.1,GET,http://localhost/,1494991538,,404
b0c318,127.0.0.1,GET,http://localhost/,1494991570,,404
e18f6f,127.0.0.1,GET,http://localhost/,1494991615,,404
88b5bd,127.0.0.1,GET,http://localhost/,1494991650,,404
2044fe,127.0.0.1,GET,http://localhost/,1494991738,,404
722a31,127.0.0.1,GET,http://localhost/,1494991751,,404
51e3a8,127.0.0.1,GET,http://localhost/,1494991817,,404
638a83,127.0.0.1,GET,http://localhost/,1494992702,,404
5b6163,127.0.0.1,GET,http://localhost/,1494993212,,404
f8c326,127.0.0.1,GET,http://localhost/,1494993282,,404
1db10f,127.0.0.1,GET,http://localhost/,1494993290,,404
9b4e16,127.0.0.1,GET,http://localhost/,1494993316,,404
1e1d89,127.0.0.1,GET,http://localhost/,1494993355,,404
57388c,127.0.0.1,GET,http://localhost/,1494993434,,404
47bd88,127.0.0.1,GET,http://localhost/,1494993539,,404
5ce6d3,127.0.0.1,GET,http://localhost/,1494993570,,404
b4867e,127.0.0.1,GET,http://localhost/,1494993574,,404
80cc28,127.0.0.1,GET,http://localhost/,1494993632,,404
a3da26,127.0.0.1,GET,http://localhost/,1494993644,,404
d58c0a,127.0.0.1,GET,http://localhost/,1494993679,,404
607663,127.0.0.1,GET,http://localhost/,1494993796,,404
5983e6,127.0.0.1,GET,http://localhost/,1494993817,,404
1b75fd,127.0.0.1,GET,http://localhost/,1494993835,,404
114068,127.0.0.1,GET,http://localhost/,1494993904,,404
282adb,127.0.0.1,GET,http://localhost/,1494993964,,404
7e3152,127.0.0.1,GET,http://localhost/,1494993984,,404
e172f7,127.0.0.1,GET,http://localhost/,1494994031,,404
653336,127.0.0.1,GET,http://localhost/,1494994247,,404
33dda8,127.0.0.1,GET,http://localhost/,1494995207,,404
3e72d6,127.0.0.1,GET,http://localhost/,1494995292,,404
dc23c0,127.0.0.1,GET,http://localhost/,1494995305,,404
172ddb,127.0.0.1,GET,http://localhost/,1494995312,,404
9c59c4,127.0.0.1,GET,http://localhost/,1494995337,,404
45f11d,127.0.0.1,GET,http://localhost/,1494995365,,404
06bcc4,127.0.0.1,GET,http://localhost/,1494995490,,404
